City_ID,City,Country,Date,Lat,Lng,Max Temp,Humidity,Cloudiness,Wind Speed
0,Beruwala,LK,2022-01-30 18:20:28,6.4788,79.9828,79.07,80,25,2.86
1,Albany,US,2022-01-30 18:20:26,42.6001,-73.9662,21.67,37,42,4.0
2,Ushuaia,AR,2022-01-30 18:20:28,-54.8,-68.3,46.06,76,75,23.02
3,Avarua,CK,2022-01-30 18:20:29,-21.2078,-159.775,78.85,89,75,9.22
4,Rikitea,PF,2022-01-30 18:20:29,-23.1203,-134.9692,76.17,61,59,4.29
5,Vao,NC,2022-01-30 18:20:29,-22.6667,167.4833,79.18,87,99,10.36
6,Truro,GB,2022-01-30 18:16:12,50.2653,-5.0544,49.55,93,75,13.8
7,Busselton,AU,2022-01-30 18:20:30,-33.65,115.3333,64.09,78,3,18.39
8,Viedma,AR,2022-01-30 18:20:26,-40.8135,-62.9967,61.09,48,65,17.56
9,Olafsvik,IS,2022-01-30 18:20:30,64.8945,-23.7142,28.67,59,100,38.23
10,Najran,SA,2022-01-30 18:20:30,17.4924,44.1277,65.05,25,9,3.91
11,Nanortalik,GL,2022-01-30 18:20:31,60.1432,-45.2371,18.1,67,100,10.74
12,Portland,US,2022-01-30 18:16:37,45.5234,-122.6762,47.25,75,75,5.99
13,Castro,BR,2022-01-30 18:20:31,-24.7911,-50.0119,64.58,98,100,5.5
14,Jamestown,US,2022-01-30 18:16:01,42.097,-79.2353,20.52,51,75,3.0
15,Puttur,IN,2022-01-30 18:20:32,12.7667,75.2167,80.71,84,42,1.05
16,Faya,SA,2022-01-30 18:20:32,18.3851,42.4509,55.51,80,10,5.5
17,Shache,CN,2022-01-30 18:20:32,38.4167,77.2406,25.72,43,48,1.61
18,Meulaboh,ID,2022-01-30 18:20:33,4.1363,96.1285,78.15,81,84,3.29
19,Ilulissat,GL,2022-01-30 18:20:33,69.2167,-51.1,8.62,66,75,17.27
20,Puerto Ayora,EC,2022-01-30 18:16:31,-0.7393,-90.3518,84.16,71,100,8.81
21,Ancud,CL,2022-01-30 18:16:44,-41.8697,-73.8203,63.43,56,39,11.43
22,Airai,TL,2022-01-30 18:20:33,-8.9266,125.4092,61.36,94,96,3.67
23,Leningradskiy,RU,2022-01-30 18:20:34,69.3833,178.4167,-8.9,93,100,0.51
24,Tuktoyaktuk,CA,2022-01-30 18:20:34,69.4541,-133.0374,-2.2,78,100,19.57
25,Punta Arenas,CL,2022-01-30 18:20:25,-53.15,-70.9167,53.71,43,75,28.77
26,Anloga,GH,2022-01-30 18:20:34,5.7947,0.8973,81.63,54,92,13.22
27,Derzhavinsk,KZ,2022-01-30 18:20:35,51.1,66.3167,12.36,95,90,15.41
28,Pisco,PE,2022-01-30 18:20:35,-13.7,-76.2167,74.01,68,0,10.36
29,Nome,US,2022-01-30 18:20:35,64.5011,-165.4064,-7.89,70,0,0.0
30,Saint-Pierre,RE,2022-01-30 18:20:36,-21.3393,55.4781,80.28,78,28,16.11
31,San Quintin,MX,2022-01-30 18:20:36,30.4833,-115.95,62.31,49,0,3.6
32,Hobart,AU,2022-01-30 18:18:28,-42.8794,147.3294,57.06,96,2,1.01
33,Hualmay,PE,2022-01-30 18:20:37,-11.0964,-77.6139,75.4,71,100,10.71
34,Tessalit,ML,2022-01-30 18:20:37,20.1986,1.0114,77.07,13,5,11.1
35,Dikson,RU,2022-01-30 18:19:08,73.5069,80.5464,-1.12,92,100,21.39
36,Aykhal,RU,2022-01-30 18:20:37,66.0,111.5,-21.89,100,59,3.15
37,Durban,ZA,2022-01-30 18:19:02,-29.8579,31.0292,78.03,82,58,3.0
38,Shar,KZ,2022-01-30 18:20:38,49.5886,81.0453,7.92,85,88,11.48
39,Kapaa,US,2022-01-30 18:20:38,22.0752,-159.319,74.48,70,20,13.8
40,Qasigiannguit,GL,2022-01-30 18:20:38,68.8193,-51.1922,8.85,69,100,11.34
41,Henties Bay,NA,2022-01-30 18:20:39,-22.116,14.2845,66.85,80,100,4.81
42,Barrow,US,2022-01-30 18:20:39,71.2906,-156.7887,-11.18,77,40,10.36
43,Businga,CD,2022-01-30 18:20:39,3.3333,20.8833,78.64,27,34,2.24
44,Togur,RU,2022-01-30 18:20:40,58.3631,82.8265,6.67,92,100,7.9
45,Kodiak,US,2022-01-30 18:21:40,57.79,-152.4072,24.31,68,20,13.8
46,Sorland,NO,2022-01-30 18:21:40,67.667,12.6934,33.66,50,100,17.69
47,Pio Xii,BR,2022-01-30 18:21:41,-3.8325,-45.1525,85.23,62,54,5.91
48,Mataura,NZ,2022-01-30 18:21:41,-46.1927,168.8643,58.48,99,45,1.9
49,Upernavik,GL,2022-01-30 18:21:41,72.7868,-56.1549,-3.01,71,100,9.6
50,Victoria,HK,2022-01-30 18:20:47,22.2855,114.1577,59.32,75,52,1.01
51,Marsa Matruh,EG,2022-01-30 18:21:16,31.3525,27.2453,53.87,70,56,24.63
52,Broome,US,2022-01-30 18:21:42,42.2506,-75.833,21.78,63,80,3.0
53,Rawson,AR,2022-01-30 18:21:42,-43.3002,-65.1023,57.78,54,96,25.55
54,Provideniya,RU,2022-01-30 18:21:42,64.3833,-173.3,5.32,80,1,7.87
55,Atar,MR,2022-01-30 18:21:43,20.5169,-13.0499,86.05,19,100,9.22
56,Maarianhamina,AX,2022-01-30 18:21:43,60.0973,19.9348,30.06,80,75,20.71
57,Bluff,NZ,2022-01-30 18:21:43,-46.6,168.3333,58.8,92,87,3.58
58,Nikolskoye,RU,2022-01-30 18:21:44,59.7035,30.7861,30.7,96,100,7.47
59,Buala,SB,2022-01-30 18:21:44,-8.145,159.5921,79.84,83,97,4.29
60,Longyearbyen,SJ,2022-01-30 18:21:44,78.2186,15.6401,8.44,66,0,19.57
61,Estevan,CA,2022-01-30 18:21:45,49.1334,-102.9842,28.74,93,0,5.46
62,Port Alfred,ZA,2022-01-30 18:21:45,-33.5906,26.891,74.97,86,89,21.14
63,Hithadhoo,MV,2022-01-30 18:20:52,-0.6,73.0833,81.97,69,100,8.43
64,Kuito,AO,2022-01-30 18:21:45,-12.3833,16.9333,60.89,90,100,5.66
65,Hilo,US,2022-01-30 18:21:46,19.7297,-155.09,71.26,71,40,6.91
66,Cherskiy,RU,2022-01-30 18:21:46,68.75,161.3,-24.0,97,88,4.74
67,Koudougou,BF,2022-01-30 18:21:46,12.25,-2.3667,87.19,7,5,11.97
68,Iqaluit,CA,2022-01-30 18:21:46,63.7506,-68.5145,-11.47,70,75,6.91
69,Flin Flon,CA,2022-01-30 18:21:47,54.7682,-101.865,6.64,72,100,5.75
70,Mahebourg,MU,2022-01-30 18:21:47,-20.4081,57.7,80.89,83,75,8.05
71,Bandarbeyla,SO,2022-01-30 18:21:47,9.4942,50.8122,76.05,73,56,15.95
72,Devils Lake,US,2022-01-30 18:20:54,48.1128,-98.8651,15.94,82,20,11.01
73,Bredasdorp,ZA,2022-01-30 18:21:48,-34.5322,20.0403,72.28,83,20,12.66
74,Sadiqabad,PK,2022-01-30 18:21:48,28.3062,70.1307,62.11,26,0,2.75
75,Byron Bay,AU,2022-01-30 18:21:48,-28.65,153.6167,73.87,89,89,7.09
76,Arraial Do Cabo,BR,2022-01-30 18:21:49,-22.9661,-42.0278,89.56,58,40,8.05
77,Thompson,CA,2022-01-30 18:21:49,55.7435,-97.8558,3.36,78,20,4.61
78,Berbera,SO,2022-01-30 18:21:50,10.4396,45.0143,75.65,63,53,8.46
79,East London,ZA,2022-01-30 18:21:50,-33.0153,27.9116,74.34,88,20,13.8
80,Goderich,CA,2022-01-30 18:21:50,43.7501,-81.7165,21.9,68,100,9.22
81,Butaritari,KI,2022-01-30 18:21:51,3.0707,172.7902,81.75,77,64,21.74
82,Ruidoso,US,2022-01-30 18:21:51,33.3317,-105.673,55.06,31,20,1.01
83,Oga,IT,2022-01-30 18:21:51,46.4631,10.347,34.88,93,10,6.6
84,Sao Joao Da Barra,BR,2022-01-30 18:17:10,-21.6403,-41.0511,87.89,73,61,8.5
85,Bambous Virieux,MU,2022-01-30 18:17:53,-20.3428,57.7575,80.85,83,75,8.05
86,Georgetown,MY,2022-01-30 18:21:52,5.4112,100.3354,82.89,88,20,0.0
87,Katsuura,JP,2022-01-30 18:21:52,35.1333,140.3,41.02,67,100,12.48
88,Lata,PT,2022-01-30 18:21:39,40.1629,-8.3327,57.61,49,88,2.21
89,Madison Heights,US,2022-01-30 18:21:52,42.4859,-83.1052,25.84,63,100,0.0
90,Acapulco,MX,2022-01-30 18:19:37,16.8634,-99.8901,84.02,70,0,6.91
91,Smithers,CA,2022-01-30 18:19:18,54.7804,-127.1743,28.72,93,75,4.61
92,Havoysund,NO,2022-01-30 18:22:53,70.9963,24.6622,31.08,66,95,14.5
93,Cape Town,ZA,2022-01-30 18:22:53,-33.9258,18.4232,71.11,72,0,1.99
94,Vaini,TO,2022-01-30 18:22:53,-21.2,-175.2,80.47,76,100,11.72
95,Hastings,GB,2022-01-30 18:22:54,50.8552,0.5729,45.28,78,45,13.2
96,Mount Gambier,AU,2022-01-30 18:22:54,-37.8333,140.7667,62.51,94,100,6.91
97,Daru,PG,2022-01-30 18:22:54,-9.0763,143.2092,75.81,89,100,7.45
98,Hermanus,ZA,2022-01-30 18:22:47,-34.4187,19.2345,72.81,71,40,17.34
99,Bethel,US,2022-01-30 18:21:22,41.3712,-73.414,25.43,48,0,4.0
100,Mackay,AU,2022-01-30 18:22:55,-21.15,149.2,77.68,83,33,10.18
101,Miandrivazo,MG,2022-01-30 18:22:41,-19.5167,45.4667,82.06,72,28,7.2
102,Pocone,BR,2022-01-30 18:22:55,-16.2567,-56.6228,77.83,87,100,5.88
103,Geraldton,AU,2022-01-30 18:20:30,-28.7667,114.6,72.01,88,100,18.41
104,Birin,NP,2022-01-30 18:22:56,26.8865,88.0718,41.67,72,48,3.96
105,Zhigansk,RU,2022-01-30 18:22:56,66.7697,123.3711,-33.05,100,97,2.42
106,Paka,MY,2022-01-30 18:22:56,4.6374,103.4368,75.13,88,82,0.0
107,Yei,SS,2022-01-30 18:22:57,4.095,30.6779,78.35,26,75,4.74
108,Grado,ES,2022-01-30 18:22:57,43.388,-6.0743,48.24,92,40,9.22
109,Yertsevo,RU,2022-01-30 18:22:57,60.7966,40.086,12.54,95,100,7.23
110,Hamilton,US,2022-01-30 18:18:09,39.1834,-84.5333,39.07,56,0,1.99
111,Cabo San Lucas,MX,2022-01-30 18:22:58,22.8909,-109.9124,78.51,67,20,6.91
112,Sitka,US,2022-01-30 18:22:58,57.0531,-135.33,37.29,70,100,10.36
113,Lagoa,PT,2022-01-30 18:22:58,39.05,-27.9833,57.78,66,66,22.37
114,Ugoofaaru,MV,2022-01-30 18:22:59,5.6667,73.0,81.52,77,57,14.23
115,Lago Da Pedra,BR,2022-01-30 18:22:59,-4.3333,-45.1667,83.26,70,79,4.32
116,Sinjar,IQ,2022-01-30 18:22:59,36.3209,41.8754,41.58,64,41,2.08
117,Aklavik,CA,2022-01-30 18:21:19,68.2191,-135.0107,5.0,72,100,13.8
118,Severo-Kurilsk,RU,2022-01-30 18:23:00,50.6789,156.125,26.37,92,100,14.63
119,Puksoozero,RU,2022-01-30 18:23:00,62.5903,40.6066,11.37,95,100,6.15
120,New Norfolk,AU,2022-01-30 18:23:00,-42.7826,147.0587,56.71,74,3,1.99
121,Boa Vista,BR,2022-01-30 18:23:01,2.8197,-60.6733,89.58,40,75,16.11
122,Sola,VU,2022-01-30 18:23:01,-13.8833,167.55,79.79,83,100,16.67
123,Laredo,US,2022-01-30 18:19:04,27.5064,-99.5075,68.0,50,0,14.97
124,Ponta Do Sol,PT,2022-01-30 18:23:02,32.6667,-17.1,67.01,41,0,7.63
125,Vardo,NO,2022-01-30 18:23:02,70.3705,31.1107,26.35,86,75,20.71
126,Vestmanna,FO,2022-01-30 18:23:02,62.1564,-7.1664,36.52,93,100,11.5
127,Komsomolskiy,UZ,2022-01-30 18:23:03,40.4272,71.7189,33.22,86,100,6.91
128,Srednekolymsk,RU,2022-01-30 18:18:06,67.45,153.6833,-22.88,99,100,4.79
129,Key West,US,2022-01-30 18:23:03,24.5557,-81.7826,60.8,38,0,10.36
130,Adrar,MR,2022-01-30 18:22:47,20.5022,-10.0711,82.49,10,100,10.87
131,Tiksi,RU,2022-01-30 18:19:12,71.6872,128.8694,-17.25,100,82,4.14
132,Fortuna,US,2022-01-30 18:19:10,40.5982,-124.1573,49.66,95,100,6.91
133,Westport,US,2022-01-30 18:21:14,41.1415,-73.3579,26.8,43,0,1.99
134,Ust-Nera,RU,2022-01-30 18:23:04,64.5667,143.2,-16.69,99,100,0.98
135,Yeppoon,AU,2022-01-30 18:24:04,-23.1333,150.7333,73.18,83,20,11.1
136,Esperance,AU,2022-01-30 18:22:53,-33.8667,121.9,70.48,65,60,10.38
137,Kirkuk,IQ,2022-01-30 18:24:05,35.4681,44.3922,45.95,65,24,2.8
138,Saint-Augustin,CA,2022-01-30 18:23:15,51.226,-58.6502,28.92,95,99,24.45
139,Port-Gentil,GA,2022-01-30 18:24:05,-0.7193,8.7815,82.36,83,40,8.05
140,Tukrah,LY,2022-01-30 18:24:06,32.5341,20.5791,55.22,71,93,21.56
141,Plaridel,PH,2022-01-30 18:24:06,14.8872,120.8572,79.09,88,39,5.08
142,Coihaique,CL,2022-01-30 18:20:02,-45.5752,-72.0662,57.81,44,40,8.05
143,Pacific Grove,US,2022-01-30 18:24:06,36.6177,-121.9166,62.8,61,0,1.01
144,Kavieng,PG,2022-01-30 18:24:07,-2.5744,150.7967,80.94,75,88,1.79
145,Southbridge,US,2022-01-30 18:24:07,42.0751,-72.0334,22.86,36,15,1.01
146,Turka,UA,2022-01-30 18:24:07,49.1541,23.0297,31.26,94,100,18.97
147,Kulhudhuffushi,MV,2022-01-30 18:24:08,6.6221,73.07,80.91,77,32,10.47
148,Hanstholm,DK,2022-01-30 18:24:08,57.1167,8.6167,38.62,66,98,20.74
149,Lebu,CL,2022-01-30 18:24:08,-37.6167,-73.65,63.14,66,55,16.91
150,Urumqi,CN,2022-01-30 18:22:02,43.801,87.6005,-3.05,85,75,2.24
151,Baryshivka,UA,2022-01-30 18:24:09,50.361,31.3217,36.07,97,91,13.91
152,Labuhan,ID,2022-01-30 18:19:42,-6.8844,112.2051,77.83,88,100,5.59
153,Salalah,OM,2022-01-30 18:24:09,17.0151,54.0924,75.29,69,0,3.44
154,Kalmunai,LK,2022-01-30 18:24:10,7.4167,81.8167,77.07,87,28,6.67
155,Te Anau,NZ,2022-01-30 18:24:10,-45.4167,167.7167,53.47,95,16,0.83
156,Aksu,CN,2022-01-30 18:24:10,41.1231,80.2644,23.31,49,35,1.12
157,Solano,US,2022-01-30 18:24:11,38.2333,-121.9511,56.19,76,0,4.61
158,Qaanaaq,GL,2022-01-30 18:23:52,77.484,-69.3632,-7.49,71,100,11.43
159,Kilindoni,TZ,2022-01-30 18:24:11,-7.9139,39.6668,80.42,79,100,10.47
160,Noumea,NC,2022-01-30 18:23:45,-22.2763,166.4572,81.0,99,100,9.73
161,Eyl,SO,2022-01-30 18:24:12,7.9803,49.8164,75.54,75,100,16.44
162,Asau,RO,2022-01-30 18:21:47,46.4333,26.4,38.95,66,40,17.69
163,Sikonge,TZ,2022-01-30 18:24:12,-5.6333,32.7667,66.63,92,84,5.59
164,Baruun-Urt,MN,2022-01-30 18:24:12,46.6806,113.2792,-7.38,96,77,5.46
165,Luderitz,NA,2022-01-30 18:21:19,-26.6481,15.1594,69.71,75,68,10.63
166,Umm Kaddadah,SD,2022-01-30 18:24:13,13.6017,26.6876,64.0,13,1,12.37
167,Bubaque,GW,2022-01-30 18:24:13,11.2833,-15.8333,78.24,63,21,15.19
168,Astana,KZ,2022-01-30 18:24:14,51.1801,71.446,15.75,86,100,20.13
169,Orlik,RU,2022-01-30 18:24:14,52.5178,99.825,-24.25,95,26,2.42
170,Vasteras,SE,2022-01-30 18:22:45,59.6162,16.5528,33.71,62,20,19.57
171,Yenotayevka,RU,2022-01-30 18:24:15,47.2456,47.0281,28.49,88,47,7.49
172,Caravelas,BR,2022-01-30 18:24:15,-17.7125,-39.2481,86.79,62,77,12.48
173,La Ferte-Bernard,FR,2022-01-30 18:24:15,48.1863,0.6536,47.82,83,22,3.87
174,Leshukonskoye,RU,2022-01-30 18:24:16,64.8989,45.7622,10.49,95,100,6.35
175,Cockburn Town,TC,2022-01-30 18:24:16,21.4612,-71.1419,75.16,69,75,13.8
176,Laguna,US,2022-01-30 18:24:16,38.421,-121.4238,59.65,70,0,1.99
177,Atuona,PF,2022-01-30 18:23:14,-9.8,-139.0333,77.22,79,10,13.2
178,Kavaratti,IN,2022-01-30 18:24:17,10.5669,72.642,81.37,71,42,9.55
179,Atambua,ID,2022-01-30 18:24:17,-9.1061,124.8925,74.5,89,99,5.06
180,Tautira,PF,2022-01-30 18:25:03,-17.7333,-149.15,75.22,76,92,9.86
181,Svetlogorsk,BY,2022-01-30 18:25:17,52.6333,29.7333,31.59,95,100,10.33
182,Lompoc,US,2022-01-30 18:25:18,34.6391,-120.4579,73.13,43,0,5.75
183,Rundu,NA,2022-01-30 18:21:56,-17.9333,19.7667,67.87,90,99,3.49
184,Bida,NG,2022-01-30 18:25:18,9.0833,6.0167,86.25,8,84,6.78
185,Narsaq,GL,2022-01-30 18:23:06,60.9167,-46.05,12.42,63,100,8.3
186,Pevek,RU,2022-01-30 18:25:19,69.7008,170.3133,-11.34,95,100,3.36
187,Carnarvon,AU,2022-01-30 18:25:19,-24.8667,113.6333,80.67,78,13,18.41
188,Sterling,US,2022-01-30 18:22:56,39.0062,-77.4286,30.88,48,100,1.01
189,Kawhia,NZ,2022-01-30 18:25:20,-38.0651,174.8183,59.38,91,69,5.73
190,Oktyabrskoye,RU,2022-01-30 18:25:20,43.0645,44.7417,28.54,92,27,8.95
191,Vilhena,BR,2022-01-30 18:23:59,-12.7406,-60.1458,73.62,94,75,12.66
192,Sambava,MG,2022-01-30 18:25:20,-14.2667,50.1667,79.16,86,86,13.69
193,Fayaoue,NC,2022-01-30 18:25:21,-20.65,166.5333,81.28,81,98,12.75
194,Bayji,IQ,2022-01-30 18:25:21,34.9311,43.487,48.97,61,4,6.53
195,Sarangani,PH,2022-01-30 18:25:22,5.4033,125.4636,80.94,75,73,7.99
196,Saskylakh,RU,2022-01-30 18:25:22,71.9167,114.0833,-19.21,100,100,2.86
197,Lianran,CN,2022-01-30 18:25:22,24.9227,102.485,43.34,88,21,3.04
198,Ribeira Grande,PT,2022-01-30 18:23:34,38.5167,-28.7,57.6,77,40,12.66
199,Spirovo,RU,2022-01-30 18:25:23,57.419,34.9766,24.64,94,100,9.46
200,Faanui,PF,2022-01-30 18:25:23,-16.4833,-151.75,79.77,73,68,6.87
201,Mikuni,JP,2022-01-30 18:25:24,36.2171,136.1519,33.71,73,93,16.42
202,College,US,2022-01-30 18:24:00,64.8569,-147.8028,-25.35,71,75,0.0
203,Codrington,AU,2022-01-30 18:21:24,-38.2667,141.9667,61.38,98,9,7.14
204,Yellowknife,CA,2022-01-30 18:22:11,62.456,-114.3525,-12.48,77,100,8.05
205,Tecpan,GT,2022-01-30 18:25:24,14.7623,-90.9947,66.96,49,42,4.16
206,Bathsheba,BB,2022-01-30 18:25:24,13.2167,-59.5167,84.81,65,40,18.41
207,Hyeres,FR,2022-01-30 18:25:25,43.1167,6.1167,50.41,83,0,2.3
208,Alice Springs,AU,2022-01-30 18:23:04,-23.7,133.8833,72.95,100,100,8.05
209,Rajauri,IN,2022-01-30 18:25:25,33.3833,74.3,47.77,50,74,5.46
210,Paungde,MM,2022-01-30 18:25:25,18.4833,95.5,59.95,66,5,2.55
211,Saint-Denis,FR,2022-01-30 18:25:26,48.9167,2.3333,47.14,73,100,1.14
212,Abu Zabad,SD,2022-01-30 18:25:26,12.35,29.25,68.4,13,57,11.48
213,Mar Del Plata,AR,2022-01-30 18:20:58,-38.0023,-57.5575,86.02,55,40,18.99
214,Lorengau,PG,2022-01-30 18:25:26,-2.0226,147.2712,79.23,82,100,10.45
215,Tuatapere,NZ,2022-01-30 18:21:53,-46.1333,167.6833,58.82,95,49,2.48
216,Vestmannaeyjar,IS,2022-01-30 18:25:27,63.4427,-20.2734,29.39,74,40,41.43
217,Longavi,CL,2022-01-30 18:25:27,-35.9667,-71.6833,87.03,15,1,9.86
218,Homa Bay,KE,2022-01-30 18:25:28,-0.5273,34.4571,74.88,69,95,5.59
219,Porto Novo,BJ,2022-01-30 18:25:28,6.4965,2.6036,84.02,54,79,6.6
220,Soyo,AO,2022-01-30 18:25:28,-6.1349,12.3689,80.15,83,89,8.48
221,Batesville,US,2022-01-30 18:21:58,35.7698,-91.641,60.49,24,0,8.99
222,Bardiyah,LY,2022-01-30 18:25:29,31.7561,25.0865,56.23,73,92,28.43
223,Uzventis,LT,2022-01-30 18:25:29,55.7803,22.6547,30.27,90,100,24.47
224,Dingle,PH,2022-01-30 18:25:29,10.9995,122.6711,75.42,92,78,2.51
225,Presidencia Roque Saenz Pena,AR,2022-01-30 18:25:52,-26.7852,-60.4388,101.68,11,0,6.08
226,Beringovskiy,RU,2022-01-30 18:26:30,63.05,179.3167,-13.67,99,70,7.34
227,Moron,AR,2022-01-30 18:26:30,-34.6534,-58.6198,89.02,49,0,11.99
228,Tara,RU,2022-01-30 18:26:30,56.8944,74.371,7.77,95,99,7.45
229,Saint Anthony,US,2022-01-30 18:26:31,45.0205,-93.218,20.8,69,0,1.99
230,Humberto De Campos,BR,2022-01-30 18:26:31,-2.5983,-43.4611,84.9,62,90,8.93
231,Kamaishi,JP,2022-01-30 18:26:32,39.2667,141.8833,24.89,61,44,10.22
232,Norman Wells,CA,2022-01-30 18:26:32,65.282,-126.8329,-32.76,68,40,2.3
233,Dengzhou,CN,2022-01-30 18:26:32,37.8086,120.7508,32.45,49,18,8.25
234,Naze,JP,2022-01-30 18:23:50,28.3667,129.4833,52.81,69,97,18.9
235,Lynn Haven,US,2022-01-30 18:26:33,30.2455,-85.6483,62.24,49,0,7.0
236,Cayenne,GF,2022-01-30 18:26:33,4.9333,-52.3333,82.44,84,100,4.0
237,Gornopravdinsk,RU,2022-01-30 18:26:33,60.05,69.9,4.12,97,100,4.45
238,Adeje,ES,2022-01-30 18:26:34,28.1227,-16.726,65.5,67,17,5.01
239,Miram Shah,PK,2022-01-30 18:26:34,33.0086,70.0697,50.85,48,17,3.38
240,Yatou,CN,2022-01-30 18:26:35,37.15,122.3833,28.96,58,0,3.91
241,Ust-Ordynskiy,RU,2022-01-30 18:26:35,52.805,104.7508,-13.16,100,95,4.52
242,Hasaki,JP,2022-01-30 18:24:20,35.7333,140.8333,32.4,49,96,13.98
243,Tasiilaq,GL,2022-01-30 18:22:57,65.6145,-37.6368,8.76,35,6,31.97
244,Matara,LK,2022-01-30 18:26:35,5.9485,80.5353,76.95,91,34,7.27
245,Cidreira,BR,2022-01-30 18:26:36,-30.1811,-50.2056,76.84,57,7,16.49
246,Sabana Grande De Boya,DO,2022-01-30 18:26:36,18.945,-69.7933,84.7,53,31,7.25
247,Road Town,VG,2022-01-30 18:26:36,18.4167,-64.6167,82.44,65,40,9.22
248,Maragogi,BR,2022-01-30 18:23:04,-9.0122,-35.2225,82.72,71,79,10.04
249,Qui Nhon,VN,2022-01-30 18:26:37,13.7667,109.2333,75.2,85,91,6.42
250,Ostrovnoy,RU,2022-01-30 18:26:37,68.0531,39.5131,2.64,97,91,8.1
251,Bokoro,TD,2022-01-30 18:26:17,12.3807,17.0568,73.9,13,21,11.92
252,Ishigaki,JP,2022-01-30 18:26:37,24.3448,124.1572,63.77,61,97,27.92
253,Haines Junction,CA,2022-01-30 18:26:38,60.7522,-137.5108,8.55,66,98,10.36
254,Leiyang,CN,2022-01-30 18:26:38,26.4024,112.8591,39.81,89,100,3.31
255,Shingu,JP,2022-01-30 18:26:38,33.7333,135.9833,37.26,76,66,7.52
256,Maltahohe,NA,2022-01-30 18:26:39,-24.8333,16.9833,79.41,45,67,18.21
257,Constitucion,CL,2022-01-30 18:26:39,-35.3333,-72.4167,70.86,58,2,18.28
258,Baykit,RU,2022-01-30 18:26:40,61.67,96.37,-11.31,100,94,1.14
259,Tucuma,BR,2022-01-30 18:26:40,-0.1833,-50.05,79.09,88,99,6.64
260,Klaksvik,FO,2022-01-30 18:26:40,62.2266,-6.589,38.32,82,100,15.93
261,Pinyug,RU,2022-01-30 18:26:40,60.251,47.7842,0.37,99,72,3.67
262,Sandpoint,US,2022-01-30 18:26:41,48.2766,-116.5533,30.61,90,100,0.0
263,Santa Fe,AR,2022-01-30 18:26:41,-31.6333,-60.7,94.01,29,0,4.0
264,Knysna,ZA,2022-01-30 18:26:41,-34.0363,23.0471,70.18,91,68,5.66
265,Pangnirtung,CA,2022-01-30 18:26:42,66.1451,-65.7125,-16.6,63,75,4.61
266,Vila,PT,2022-01-30 18:26:42,42.0304,-8.1588,43.93,65,0,3.33
267,Jieshi,CN,2022-01-30 18:27:42,22.8134,115.8257,53.94,68,44,16.55
268,Arezzo,IT,2022-01-30 18:27:43,43.4724,11.869,50.59,80,36,0.51
269,Khatanga,RU,2022-01-30 18:23:01,71.9667,102.5,-8.3,98,98,9.75
270,Japura,ID,2022-01-30 18:27:43,-0.3167,102.35,73.54,98,39,1.74
271,Sauce,UY,2022-01-30 18:27:44,-34.6469,-56.0628,83.43,33,0,8.81
272,Taman,RU,2022-01-30 18:27:44,45.2117,36.7161,43.12,72,100,23.67
273,Batticaloa,LK,2022-01-30 18:27:44,7.7102,81.6924,78.26,85,29,9.95
274,Saint George,US,2022-01-30 18:27:05,37.1041,-113.5841,55.35,28,0,1.01
275,Coffs Harbour,AU,2022-01-30 18:27:45,-30.3,153.1333,72.14,96,100,6.91
276,Acarau,BR,2022-01-30 18:27:45,-2.8856,-40.12,77.16,86,100,10.65
277,Wakkanai,JP,2022-01-30 18:27:45,45.4094,141.6739,17.69,61,100,11.27
278,Rocha,UY,2022-01-30 18:27:45,-34.4833,-54.3333,82.81,42,6,9.57
279,Malanje,AO,2022-01-30 18:27:46,-9.5402,16.341,65.35,96,99,4.38
280,Palmer,US,2022-01-30 18:23:14,42.1584,-72.3287,23.68,36,0,4.0
281,Guerrero Negro,MX,2022-01-30 18:23:37,27.9769,-114.0611,64.42,56,69,11.32
282,Quatre Cocos,MU,2022-01-30 18:27:46,-20.2078,57.7625,80.71,84,55,17.96
283,Kushmurun,KZ,2022-01-30 18:27:47,52.4503,64.6311,9.3,95,93,9.84
284,Clyde River,CA,2022-01-30 18:27:47,70.4692,-68.5914,-16.37,69,75,2.3
285,Mehamn,NO,2022-01-30 18:27:47,71.0357,27.8492,30.15,64,75,20.71
286,Kruisfontein,ZA,2022-01-30 18:27:48,-34.0033,24.7314,73.89,82,82,14.38
287,Belize,BZ,2022-01-30 18:27:23,17.25,-88.75,75.24,45,22,3.62
288,Belyy Yar,RU,2022-01-30 18:25:54,53.6039,91.3903,-19.14,81,100,0.0
289,Bealanana,MG,2022-01-30 18:27:48,-14.55,48.7333,66.67,92,76,2.59
290,Sept-Iles,CA,2022-01-30 18:27:49,50.2001,-66.3821,9.12,64,75,10.0
291,Pangody,RU,2022-01-30 18:27:49,65.85,74.4859,-8.97,98,83,7.16
292,Raga,SS,2022-01-30 18:27:49,8.4596,25.678,73.38,19,97,4.56
293,Guaratingueta,BR,2022-01-30 18:27:49,-22.8164,-45.1925,76.41,88,75,4.61
294,Bilibino,RU,2022-01-30 18:27:50,68.0546,166.4372,-8.66,92,100,5.01
295,Kawalu,ID,2022-01-30 18:27:50,-7.3817,108.2082,72.55,97,100,1.48
296,Port Hardy,CA,2022-01-30 18:27:51,50.6996,-127.4199,41.18,93,100,6.91
297,Bengkulu,ID,2022-01-30 18:27:51,-3.8004,102.2655,75.9,93,100,4.97
298,Chuy,UY,2022-01-30 18:27:51,-33.6971,-53.4616,79.32,54,98,12.62
299,Roros,NO,2022-01-30 18:27:52,62.5747,11.3842,22.84,80,75,14.97
300,Arenapolis,BR,2022-01-30 18:27:52,-14.4503,-56.8461,75.76,91,100,7.0
301,Boundiali,CI,2022-01-30 18:27:52,9.5217,-6.4869,89.82,11,51,5.5
302,Tinskoy,RU,2022-01-30 18:27:53,56.1525,96.9161,-1.43,99,100,1.25
303,Ortakoy,TR,2022-01-30 18:27:53,38.7373,34.0387,25.05,95,94,14.16
304,Mitu,CO,2022-01-30 18:27:53,1.1983,-70.1733,92.41,29,67,5.5
305,Madimba,TZ,2022-01-30 18:26:30,-10.4,40.3333,76.86,85,55,3.6
306,Kayes,ML,2022-01-30 18:27:54,14.0,-11.0,97.81,7,9,10.33
307,Hovd,MN,2022-01-30 18:27:54,48.0056,91.6419,-12.84,81,19,2.17
308,Pergamino,AR,2022-01-30 18:27:54,-33.89,-60.5736,94.24,19,0,8.03
309,Kahului,US,2022-01-30 18:27:55,20.8947,-156.47,75.85,72,0,0.0
310,Kupang,ID,2022-01-30 18:28:55,-10.1667,123.5833,81.18,89,75,8.05
311,Neryungri,RU,2022-01-30 18:28:55,56.6709,124.6491,-10.34,97,100,6.89
312,Hami,CN,2022-01-30 18:24:56,42.8,93.45,24.17,39,100,1.97
313,Terrasini,IT,2022-01-30 18:28:56,38.146,13.0844,54.97,73,0,11.5
314,Russell,US,2022-01-30 18:28:56,32.3502,-85.1999,59.13,34,0,8.05
315,Carballo,ES,2022-01-30 18:28:56,43.213,-8.691,56.62,85,0,0.6
316,Brazzaville,CG,2022-01-30 18:28:57,-4.2658,15.2832,86.31,74,20,5.75
317,Huarmey,PE,2022-01-30 18:28:57,-10.0681,-78.1522,73.65,77,100,8.39
318,Dire,ML,2022-01-30 18:28:57,12.2833,-10.9667,97.83,9,16,5.39
319,Nuuk,GL,2022-01-30 18:28:58,64.1835,-51.7216,14.61,85,75,5.75
320,Chokurdakh,RU,2022-01-30 18:28:58,70.6333,147.9167,-29.83,89,33,1.07
321,Walvis Bay,NA,2022-01-30 18:28:58,-22.9575,14.5053,67.08,80,41,7.54
322,San Pedro,PH,2022-01-30 18:28:59,14.35,121.0167,78.31,84,20,2.3
323,Sao Filipe,CV,2022-01-30 18:28:59,14.8961,-24.4956,71.82,70,100,15.59
324,Slave Lake,CA,2022-01-30 18:28:59,55.2834,-114.769,24.78,86,100,2.3
325,Les Cayes,HT,2022-01-30 18:29:00,18.2,-73.75,85.51,52,12,8.16
326,Kysyl-Syr,RU,2022-01-30 18:29:00,63.8986,122.7617,-24.36,100,99,3.67
327,Nagato,JP,2022-01-30 18:29:00,34.3833,131.2,42.71,58,98,11.5
328,Pokaran,IN,2022-01-30 18:29:01,26.9167,71.9167,66.11,26,0,6.31
329,Follonica,IT,2022-01-30 18:29:01,42.9263,10.7616,55.04,74,0,4.92
330,Saint-Philippe,RE,2022-01-30 18:29:01,-21.3585,55.7679,80.19,79,60,10.74
331,Ahipara,NZ,2022-01-30 18:29:01,-35.1667,173.1667,60.84,91,100,7.87
332,Letnyaya Stavka,RU,2022-01-30 18:29:02,45.4306,43.4472,32.09,89,99,8.25
333,Los Palacios,CU,2022-01-30 18:29:02,22.5872,-83.2486,68.27,42,67,10.13
334,Vanimo,PG,2022-01-30 18:29:02,-2.6741,141.3028,77.09,87,99,9.84
335,Touros,BR,2022-01-30 18:29:03,-5.1989,-35.4608,86.9,66,33,15.41
336,Bulgan,MN,2022-01-30 18:29:03,48.8125,103.5347,-8.75,91,9,4.12
337,Vila Velha,BR,2022-01-30 18:29:03,-20.3297,-40.2925,84.15,65,75,10.36
338,Manzhouli,CN,2022-01-30 18:29:04,49.6,117.4333,-11.13,94,9,6.06
339,Kaitangata,NZ,2022-01-30 18:29:04,-46.2817,169.8464,53.55,96,50,2.42
340,Riviere-Du-Loup,CA,2022-01-30 18:25:21,47.8304,-69.5342,12.47,62,89,6.91
341,Palampur,IN,2022-01-30 18:29:04,32.1167,76.5333,45.82,61,82,5.77
342,Rio Cuarto,AR,2022-01-30 18:25:53,-33.1307,-64.3499,89.37,37,20,11.5
343,Sur,OM,2022-01-30 18:29:05,22.5667,59.5289,72.28,67,2,1.3
344,Maidstone,GB,2022-01-30 18:25:56,51.2667,0.5167,45.86,81,80,3.0
345,Dickinson,US,2022-01-30 18:29:05,29.4608,-95.0513,69.03,41,0,1.99
346,El Dorado,US,2022-01-30 18:29:06,38.7666,-120.5177,53.62,36,0,1.79
347,Zhangjiakou,CN,2022-01-30 18:29:06,40.81,114.8794,14.05,55,63,7.7
348,San Juan,AR,2022-01-30 18:27:29,-31.5375,-68.5364,93.45,25,0,10.65
349,Ozernovskiy,RU,2022-01-30 18:29:06,51.5,156.5167,23.56,94,100,3.51
350,Talnakh,RU,2022-01-30 18:24:13,69.4865,88.3972,-12.44,97,86,8.79
351,Verkhniy Baskunchak,RU,2022-01-30 18:29:07,48.2256,46.7217,26.46,92,85,10.56
352,Esna,EG,2022-01-30 18:29:07,25.2934,32.554,57.22,35,82,8.01
353,Paris,FR,2022-01-30 18:25:49,48.8534,2.3488,47.14,77,100,3.44
354,Rio Gallegos,AR,2022-01-30 18:29:07,-51.6226,-69.2181,57.25,33,40,33.38
355,Hvide Sande,DK,2022-01-30 18:29:08,56.0045,8.1294,41.29,73,57,19.91
356,Vila Franca Do Campo,PT,2022-01-30 18:26:09,37.7167,-25.4333,59.2,79,80,14.54
357,Coahuayana,MX,2022-01-30 18:29:08,18.7333,-103.6833,87.28,28,0,5.75
358,Alta Floresta,BR,2022-01-30 18:30:09,-9.8756,-56.0861,84.02,70,40,6.91
359,Sistranda,NO,2022-01-30 18:30:09,63.7256,8.834,34.9,53,100,6.89
360,Palmas,BR,2022-01-30 18:30:10,-10.2128,-48.3603,85.87,66,40,8.05
361,Kango,GA,2022-01-30 18:30:10,0.1943,10.0951,78.37,82,97,4.59
362,Tenosique,MX,2022-01-30 18:30:11,17.4833,-91.4333,72.3,66,2,5.06
363,Ampanihy,MG,2022-01-30 18:30:11,-24.7,44.75,72.27,67,100,10.38
364,Mount Isa,AU,2022-01-30 18:30:11,-20.7333,139.5,74.97,100,75,9.22
365,Lansdale,US,2022-01-30 18:30:05,40.2415,-75.2838,26.22,44,0,1.01
366,Alofi,NU,2022-01-30 18:30:12,-19.0595,-169.9187,73.29,94,100,2.3
367,Nabire,ID,2022-01-30 18:30:12,-3.3667,135.4833,74.23,89,100,2.53
368,Kemi,FI,2022-01-30 18:30:13,65.8596,24.8228,6.57,85,0,9.22
369,Elizabeth City,US,2022-01-30 18:30:13,36.2946,-76.2511,36.05,42,0,8.05
370,Damghan,IR,2022-01-30 18:30:13,36.1683,54.348,37.02,39,0,3.98
371,Alyangula,AU,2022-01-30 18:30:14,-13.8483,136.4192,80.47,89,75,9.22
372,Canyon Lake,US,2022-01-30 18:30:14,29.8752,-98.2625,66.2,40,6,5.01
373,Viking,CA,2022-01-30 18:30:15,53.1001,-111.7684,32.52,84,77,4.23
374,Rafai,CF,2022-01-30 18:30:15,4.95,23.9167,74.68,25,100,2.3
375,Akonolinga,CM,2022-01-30 18:30:16,3.7667,12.25,73.38,28,100,1.19
376,Sigli,ID,2022-01-30 18:30:16,5.3848,95.9609,76.89,81,97,3.15
377,Berberati,CF,2022-01-30 18:30:17,4.2612,15.7922,76.73,20,100,4.03
378,Tuy Hoa,VN,2022-01-30 18:28:07,13.0833,109.3,73.33,90,52,5.1
379,Pitimbu,BR,2022-01-30 18:30:17,-7.4706,-34.8086,88.39,66,100,12.62
380,Poltavka,RU,2022-01-30 18:30:17,54.3663,71.7632,12.52,92,100,9.44
381,Aden,YE,2022-01-30 18:26:53,12.7794,45.0367,77.52,68,50,11.16
382,Broken Hill,AU,2022-01-30 18:30:18,-31.95,141.4333,78.51,65,75,8.05
383,Tuburan,PH,2022-01-30 18:30:18,6.6439,122.2736,75.29,79,68,3.71
384,Tashigang,BT,2022-01-30 18:30:18,27.3331,91.5542,43.02,80,56,3.47
385,Otradnoye,RU,2022-01-30 18:30:19,59.7775,30.8181,30.87,96,100,7.31
386,Montes Claros,BR,2022-01-30 18:30:15,-16.735,-43.8617,87.58,45,40,11.5
387,Nouadhibou,MR,2022-01-30 18:28:30,20.931,-17.0347,67.98,68,96,14.97
388,Wenling,CN,2022-01-30 18:30:19,28.3669,121.36,37.9,78,7,5.57
389,Sorong,ID,2022-01-30 18:28:18,-0.8833,131.25,81.18,77,100,8.97
390,Ouadda,CF,2022-01-30 18:30:20,8.0777,22.4007,71.56,25,47,5.5
391,Padang,ID,2022-01-30 18:30:20,-0.9492,100.3543,75.25,91,100,2.77
392,Palamos,ES,2022-01-30 18:30:20,41.8484,3.1291,56.68,59,0,0.89
393,Genhe,CN,2022-01-30 18:30:21,50.7833,121.5167,-18.36,100,30,1.25
394,Tilichiki,RU,2022-01-30 18:30:21,60.4667,166.1,23.85,79,100,15.75
395,Uige,AO,2022-01-30 18:26:57,-7.6087,15.0613,68.05,94,98,0.98
396,Kandrian,PG,2022-01-30 18:30:22,-6.2167,149.55,78.6,86,100,7.72
397,Masterton,NZ,2022-01-30 18:30:22,-40.9597,175.6575,61.97,80,91,1.86
398,Rabo De Peixe,PT,2022-01-30 18:30:22,37.8,-25.5833,58.28,92,40,13.8
399,The Valley,AI,2022-01-30 18:30:22,18.217,-63.0578,85.86,69,40,12.66
400,Ardakan,IR,2022-01-30 18:30:23,32.31,54.0175,43.18,27,6,2.08
401,Kupino,RU,2022-01-30 18:30:23,54.3663,77.2981,16.99,96,93,7.96
402,Murgab,TM,2022-01-30 18:30:24,37.4966,61.9714,40.87,60,0,9.22
403,Kyra,RU,2022-01-30 18:30:24,49.5776,111.9753,-11.0,94,15,5.1
404,Husavik,IS,2022-01-30 18:31:24,66.0449,-17.3389,28.31,70,24,25.1
405,Vung Tau,VN,2022-01-30 18:31:25,10.346,107.0843,77.74,81,52,18.12
406,Sinnamary,GF,2022-01-30 18:31:25,5.3833,-52.95,79.86,78,30,10.16
407,Tahe,CN,2022-01-30 18:31:25,52.3333,124.7333,-6.12,91,98,4.43
408,Paita,PE,2022-01-30 18:31:26,-5.0892,-81.1144,84.76,69,85,10.89
409,Tyret Pervaya,RU,2022-01-30 18:31:26,53.6703,102.3106,-8.57,99,100,2.84
410,Dunedin,NZ,2022-01-30 18:26:58,-45.8742,170.5036,54.81,90,32,4.59
411,Pacifica,US,2022-01-30 18:30:39,37.6138,-122.4869,58.26,80,20,3.0
412,Marsh Harbour,BS,2022-01-30 18:31:26,26.5412,-77.0636,62.56,58,100,12.12
413,Nemuro,JP,2022-01-30 18:31:27,43.3236,145.575,16.12,68,21,14.32
414,Santa Isabel,BR,2022-01-30 18:26:36,-23.3156,-46.2214,73.18,96,100,3.62
415,Grand Gaube,MU,2022-01-30 18:31:27,-20.0064,57.6608,81.0,74,100,3.0
416,Sawakin,SD,2022-01-30 18:31:28,19.1059,37.3321,70.74,65,9,8.88
417,Port Elizabeth,ZA,2022-01-30 18:31:28,-33.918,25.5701,76.1,87,100,15.57
418,Tsukumi,JP,2022-01-30 18:31:28,33.0706,131.8572,38.3,80,62,11.36
419,Petropavlovsk-Kamchatskiy,RU,2022-01-30 18:31:18,53.0452,158.6483,12.79,85,75,8.95
420,Tombouctou,ML,2022-01-30 18:31:29,20.0,-3.0,77.2,13,24,11.77
421,Severodvinsk,RU,2022-01-30 18:31:21,64.5635,39.8302,14.11,95,100,5.95
422,Amarante Do Maranhao,BR,2022-01-30 18:31:29,-5.5667,-46.7422,79.23,83,100,3.62
423,Port Lincoln,AU,2022-01-30 18:31:12,-34.7333,135.8667,65.89,85,2,9.64
424,Mazyr,BY,2022-01-30 18:31:30,52.0495,29.2456,31.66,96,100,10.45
425,Morondava,MG,2022-01-30 18:31:30,-20.2833,44.2833,83.25,73,60,13.87
426,Prince Rupert,CA,2022-01-30 18:31:12,54.3161,-130.3201,38.89,93,100,6.91
427,Templin,DE,2022-01-30 18:31:30,53.1186,13.5022,43.14,73,7,14.7
428,Turek,PL,2022-01-30 18:31:31,52.0155,18.5005,40.96,62,100,25.93
429,Safford,US,2022-01-30 18:31:31,32.834,-109.7076,61.52,35,40,4.61
430,Grindavik,IS,2022-01-30 18:29:11,63.8424,-22.4338,26.55,80,75,33.38
431,Gizo,SB,2022-01-30 18:27:52,-8.103,156.8419,81.41,79,98,8.72
432,Plettenberg Bay,ZA,2022-01-30 18:31:31,-34.0527,23.3716,70.86,92,100,4.79
433,Lima,PE,2022-01-30 18:31:30,-12.0432,-77.0282,73.9,76,40,1.99
434,Eureka,US,2022-01-30 18:31:32,40.8021,-124.1637,51.93,82,99,1.01
435,Araouane,ML,2022-01-30 18:31:32,18.9048,-3.5265,78.26,13,86,11.54
436,Yakeshi,CN,2022-01-30 18:31:33,49.2833,120.7333,-29.2,100,88,2.24
437,Anadyr,RU,2022-01-30 18:31:33,64.75,177.4833,-19.52,82,75,2.24
438,Yulara,AU,2022-01-30 18:31:33,-25.2406,130.9889,73.24,100,100,13.8
439,Srandakan,ID,2022-01-30 18:31:34,-7.9386,110.2506,63.73,89,100,3.74
440,Vostok,RU,2022-01-30 18:31:34,46.4856,135.8833,-21.75,99,63,3.65
441,Kurilsk,RU,2022-01-30 18:31:34,45.2333,147.8833,18.27,65,100,17.2
442,Praia Da Vitoria,PT,2022-01-30 18:31:35,38.7333,-27.0667,60.76,82,40,21.88
443,Gubskaya,RU,2022-01-30 18:31:35,44.3164,40.6358,23.45,89,54,5.41
444,Yinchuan,CN,2022-01-30 18:31:36,38.4681,106.2731,17.35,29,0,6.62
445,Basoko,CD,2022-01-30 18:31:36,1.2391,23.616,78.87,37,91,1.1
446,Lamar,US,2022-01-30 18:31:37,33.6668,-95.5836,64.98,21,0,0.0
447,Norman,US,2022-01-30 18:31:37,35.2226,-97.4395,60.91,27,0,6.91
448,Kuching,MY,2022-01-30 18:31:37,1.55,110.3333,77.22,94,40,0.0
449,Deqing,CN,2022-01-30 18:31:37,30.5448,119.9599,31.96,80,7,2.75
450,Antibes,FR,2022-01-30 18:27:44,43.5624,7.1278,54.88,80,75,4.61
451,Luanda,AO,2022-01-30 18:28:04,-8.8368,13.2343,79.32,82,98,11.97
452,Mogadishu,SO,2022-01-30 18:30:57,2.0371,45.3438,77.36,83,100,22.01
453,Khandyga,RU,2022-01-30 18:32:38,62.6667,135.6,-39.84,100,57,1.12
454,Albanel,CA,2022-01-30 18:32:38,48.8832,-72.4487,6.94,51,30,16.11
455,Phan Thiet,VN,2022-01-30 18:31:29,10.9333,108.1,74.68,83,100,6.93
456,Rostovka,RU,2022-01-30 18:32:39,55.3842,71.8891,12.87,96,100,6.62
457,Wum,CM,2022-01-30 18:32:39,6.3833,10.0667,70.77,24,55,2.55
458,Cortez,US,2022-01-30 18:32:39,37.3489,-108.5859,51.42,39,0,3.44
459,Sirjan,IR,2022-01-30 18:32:40,29.452,55.6814,47.23,54,21,7.09
460,Esil,KZ,2022-01-30 18:32:40,51.9556,66.4042,12.61,95,100,11.83
461,Torbay,CA,2022-01-30 18:30:00,47.6666,-52.7314,47.17,85,100,28.77
462,Bom Jesus,BR,2022-01-30 18:32:40,-9.0744,-44.3586,82.22,65,29,5.86
463,Arroyo,ES,2022-01-30 18:32:41,41.6096,-4.7969,49.06,38,0,2.73
464,Saldanha,ZA,2022-01-30 18:32:41,-33.0117,17.9442,77.05,89,100,15.46
465,Buy,RU,2022-01-30 18:32:41,58.4786,41.53,14.88,95,100,7.83
466,Moose Factory,CA,2022-01-30 18:32:42,51.2585,-80.6094,-0.4,71,0,12.66
467,Auki,SB,2022-01-30 18:32:42,-8.7676,160.7034,77.4,87,94,3.53
468,Pau Brasil,BR,2022-01-30 18:32:43,-15.4642,-39.6511,87.55,56,55,3.0
469,Sioux Lookout,CA,2022-01-30 18:31:42,50.1001,-91.917,3.58,85,100,4.61
470,Kingsville,US,2022-01-30 18:32:43,27.5159,-97.8561,71.69,49,100,4.0
471,Minsk,BY,2022-01-30 18:32:43,53.9,27.5667,31.75,96,75,6.51
472,Corn Island,NI,2022-01-30 18:32:44,12.1694,-83.0418,80.1,69,6,15.7
473,Henderson,US,2022-01-30 18:32:43,36.0397,-114.9819,64.38,17,0,11.5
474,Tabou,CI,2022-01-30 18:32:44,4.423,-7.3528,80.78,82,77,7.65
475,Belaya Gora,RU,2022-01-30 18:32:44,68.5333,146.4167,-32.04,100,89,1.03
476,Puri,IN,2022-01-30 18:32:45,19.8,85.85,61.32,57,0,5.86
477,Vernon,CA,2022-01-30 18:30:38,50.2581,-119.2691,34.12,70,100,11.99
478,Voi,KE,2022-01-30 18:32:45,-3.3945,38.563,72.41,86,100,4.92
479,Hofn,IS,2022-01-30 18:32:46,64.2539,-15.2082,26.69,50,0,25.61
480,Freeport,US,2022-01-30 18:28:04,40.6576,-73.5832,27.48,54,0,7.0
481,Coari,BR,2022-01-30 18:32:46,-4.085,-63.1414,82.15,81,98,4.05
482,Darnah,LY,2022-01-30 18:32:46,32.767,22.6367,55.98,74,99,30.65
483,Robe,AU,2022-01-30 18:32:47,-37.1833,139.75,63.1,95,67,5.5
484,Kemijarvi,FI,2022-01-30 18:32:47,66.7131,27.4306,-2.63,100,76,2.62
485,Neuquen,AR,2022-01-30 18:32:47,-38.9516,-68.0591,80.49,18,0,12.66
486,Hanmer Springs,NZ,2022-01-30 18:32:47,-42.5167,172.8167,60.42,71,13,1.1
487,Altay,CN,2022-01-30 18:32:48,47.8667,88.1167,3.36,54,32,7.45
488,North Bend,US,2022-01-30 18:32:48,43.4065,-124.2243,50.07,100,100,9.22
489,Chala,TZ,2022-01-30 18:32:48,-7.5833,31.2667,58.08,97,100,3.6
490,Vallenar,CL,2022-01-30 18:30:19,-28.5708,-70.7581,82.62,31,0,12.59
491,Amapa,BR,2022-01-30 18:32:49,1.0,-52.0,79.79,87,21,4.0
492,Diffa,NE,2022-01-30 18:32:49,13.3154,12.6113,68.45,16,0,9.46
493,Wlodawa,PL,2022-01-30 18:32:49,51.55,23.55,37.71,79,100,26.4
494,Maldonado,UY,2022-01-30 18:32:50,-34.6667,-54.9167,85.23,42,0,10.4
495,Mantua,IT,2022-01-30 18:32:50,45.1667,10.7833,48.49,86,0,1.99
496,Sanchursk,RU,2022-01-30 18:32:51,56.9413,47.2499,16.38,96,100,5.99
497,Nishihara,JP,2022-01-30 18:32:46,26.1842,127.7558,58.28,63,75,25.32
498,Ambalavao,MG,2022-01-30 18:32:51,-21.8333,46.9333,65.1,92,41,5.39
499,Lavrentiya,RU,2022-01-30 18:33:52,65.5833,-171.0,-5.12,89,3,5.1
500,Solnechnyy,RU,2022-01-30 18:33:52,50.7214,136.6319,-10.3,98,94,2.77
501,Yarkovo,RU,2022-01-30 18:33:53,57.4028,67.0786,-0.89,99,100,2.33
502,Minot,US,2022-01-30 18:33:53,48.2325,-101.2963,29.12,68,0,5.75
503,San Patricio,US,2022-01-30 18:33:54,28.017,-97.5169,71.69,48,3,12.44
504,Coruripe,BR,2022-01-30 18:33:54,-10.1256,-36.1756,84.22,63,79,13.6
505,Umm Lajj,SA,2022-01-30 18:29:04,25.0213,37.2685,66.34,59,93,11.83
506,Tazovskiy,RU,2022-01-30 18:33:54,67.4667,78.7,-11.63,99,98,8.23
507,Oistins,BB,2022-01-30 18:30:22,13.0667,-59.5333,84.29,65,40,18.41
508,Balvi,LV,2022-01-30 18:33:55,57.1313,27.2658,30.24,99,100,2.62
509,Elat,IL,2022-01-30 18:33:55,29.5581,34.9482,57.04,41,0,13.8
510,La Ronge,CA,2022-01-30 18:31:13,55.1001,-105.2842,12.45,85,100,9.22
511,San Cristobal,VE,2022-01-30 18:33:56,7.7669,-72.225,69.98,50,99,6.15
512,Diu,IN,2022-01-30 18:33:56,20.7141,70.9822,65.84,49,0,9.55
513,Buenaventura,CO,2022-01-30 18:33:57,3.8801,-77.0312,80.33,84,100,4.72
514,Belmonte,BR,2022-01-30 18:33:57,-15.8631,-38.8828,88.3,64,42,12.06
515,Erenhot,CN,2022-01-30 18:33:58,43.6475,111.9767,6.42,91,100,16.44
516,Madona,LV,2022-01-30 18:33:58,56.8533,26.217,30.18,99,100,1.63
517,Dryden,CA,2022-01-30 18:33:59,49.7833,-92.7503,3.49,85,0,4.61
518,Fairbanks,US,2022-01-30 18:32:47,64.8378,-147.7164,-26.01,71,40,0.0
519,Nouakchott,MR,2022-01-30 18:33:59,18.0858,-15.9785,71.53,66,100,18.5
520,Kibungo,RW,2022-01-30 18:33:59,-2.1597,30.5427,74.32,70,100,3.02
521,Teya,RU,2022-01-30 18:34:00,60.3778,92.6267,-5.49,100,100,2.77
522,Dhidhdhoo,MV,2022-01-30 18:34:00,6.8833,73.1,80.98,76,8,8.63
523,Kasongo-Lunda,CD,2022-01-30 18:34:01,-6.4667,16.8167,77.45,72,100,2.04
524,Tiznit,MA,2022-01-30 18:34:01,29.5833,-9.5,65.21,22,100,16.84
525,Svetlaya,RU,2022-01-30 18:34:01,46.5389,138.3297,0.41,77,70,9.44
526,Bitlis,TR,2022-01-30 18:34:02,38.5,42.25,13.86,99,100,7.54
527,Khash,IR,2022-01-30 18:34:02,28.2211,61.2158,51.58,54,0,3.74
528,Los Llanos De Aridane,ES,2022-01-30 18:34:02,28.6585,-17.9182,64.15,84,20,1.01
529,Leh,IN,2022-01-30 18:34:03,34.1667,77.5833,9.75,89,100,1.7
530,Aitape,PG,2022-01-30 18:34:03,-3.1374,142.3475,76.75,89,100,11.07
531,Barcelos,PT,2022-01-30 18:29:53,41.5388,-8.6151,58.84,60,2,3.47
532,Kirksville,US,2022-01-30 18:34:03,40.1948,-92.5833,26.11,65,0,7.0
533,Kendari,ID,2022-01-30 18:34:04,-3.945,122.4989,77.07,88,100,4.27
534,Pontes E Lacerda,BR,2022-01-30 18:34:04,-15.2261,-59.3353,78.78,86,96,6.15
535,Bisira,PA,2022-01-30 18:34:05,8.5196,-81.7115,69.58,50,6,9.37
536,Sairang,IN,2022-01-30 18:34:05,23.8,92.6667,49.44,79,0,2.82
537,Kieta,PG,2022-01-30 18:34:05,-6.2167,155.6333,79.11,85,100,5.95
538,Mercedes,AR,2022-01-30 18:34:06,-34.6515,-59.4307,88.86,25,0,7.65
539,Karratha,AU,2022-01-30 18:34:06,-20.7377,116.8463,82.69,62,47,21.56
540,Mosetse,BW,2022-01-30 18:34:06,-20.75,26.65,69.84,82,100,11.77
541,Itoman,JP,2022-01-30 18:34:07,26.1247,127.6694,59.02,63,75,25.32
542,Yazman,PK,2022-01-30 18:34:07,29.1212,71.7446,63.25,21,0,5.39
543,Supaul,IN,2022-01-30 18:34:07,26.1167,86.6,56.01,63,0,1.16
544,Falmouth,GB,2022-01-30 18:30:01,50.1544,-5.0711,49.1,93,75,11.5
545,Semey,KZ,2022-01-30 18:34:08,50.4111,80.2275,14.2,89,100,10.09
546,Waingapu,ID,2022-01-30 18:34:08,-9.6567,120.2641,79.34,80,100,9.93
547,Loikaw,MM,2022-01-30 18:34:09,19.6742,97.2094,52.25,49,1,3.89
